id,o,c,e,a,n
0,0.85,0.562,0.412,0.537,0.5
1,0.688,0.875,0.875,0.5,0.75
2,0.775,0.575,0.825,0.65,0.287
3,0.762,0.588,0.675,0.6,0.475
4,0.788,0.425,0.613,0.45,0.463
5,0.637,0.75,0.537,0.788,0.225
6,0.875,0.338,0.662,0.613,0.537
7,0.75,1.0,0.688,0.875,0.562
8,0.788,0.525,0.588,0.463,0.438
9,0.738,0.512,0.125,0.788,0.7
10,0.625,0.75,0.562,0.188,0.688
11,0.8,0.5,0.2,0.475,0.475
12,0.9,0.913,0.637,0.662,0.325
13,0.625,0.3,0.4,0.275,0.412
14,0.875,0.35,0.588,0.775,0.325
15,0.85,0.887,0.088,0.463,0.938
16,0.812,0.3,0.537,0.6,0.65
17,0.887,0.775,0.363,0.512,0.537
18,0.925,0.825,0.775,0.575,0.195
19,0.837,0.613,0.412,0.588,0.45
20,0.9,0.35,0.825,0.85,0.112
21,0.875,0.463,0.325,0.875,0.625
22,0.812,0.625,0.875,0.375,0.438
23,0.837,0.613,0.45,0.662,0.537
24,0.812,0.45,0.363,0.7,0.75
25,0.75,0.613,0.475,0.613,0.412
26,0.85,0.667,0.833,0.792,0.25
27,0.85,0.375,0.387,0.725,0.463
28,0.825,0.75,0.363,0.525,0.425
29,1.0,0.562,0.8,0.738,0.4
30,0.412,0.45,0.25,0.738,0.412
31,0.95,0.625,0.6,0.883,0.17
32,0.938,0.5,0.438,0.75,0.375
33,1.0,0.812,0.75,0.625,0.562
34,0.7,0.738,0.688,0.637,0.262
35,0.75,0.738,0.262,0.887,0.138
36,0.85,0.613,0.675,0.488,0.3
37,0.837,0.475,0.65,0.613,0.125
38,0.975,0.85,0.925,0.675,0.138
39,0.662,0.725,0.887,0.575,0.3
40,0.95,0.788,0.275,0.725,0.5
41,0.913,0.6,0.8,0.988,0.138
42,0.875,0.938,0.688,0.75,0.375
43,0.762,0.675,0.675,0.575,0.312
44,0.675,0.562,0.65,0.537,0.21
45,0.463,0.688,0.2,0.363,0.5
46,0.95,0.938,0.2,0.412,0.312
47,0.812,0.5,1.0,0.875,0.438
48,0.625,0.125,0.188,0.375,0.688
49,1.0,0.542,0.75,0.958,0.292
50,0.875,0.6,0.138,0.625,0.363
51,0.575,0.837,0.425,0.7,0.112
52,0.725,0.75,0.488,0.725,0.537
53,0.713,0.688,0.675,0.825,0.537
54,0.725,0.662,0.863,0.512,0.375
55,0.833,0.562,0.5,0.75,0.438
56,0.675,0.525,0.412,0.913,0.438
57,0.642,0.66,0.427,0.535,0.642
58,0.7,0.837,0.812,0.863,0.138
59,0.837,0.512,0.6,0.512,0.45
60,0.988,0.5,0.7,0.588,0.213
61,0.7,0.525,0.438,0.713,0.662
62,0.925,0.662,0.425,0.713,0.275
63,0.657,1.0,0.562,0.812,0.532
64,0.662,0.138,0.425,0.162,0.512
65,0.887,0.95,0.625,0.738,0.325
66,0.938,0.6,0.575,0.8,0.463
67,0.375,0.812,0.312,0.875,0.438
68,0.875,0.812,0.688,1.0,0.25
69,0.662,0.262,0.275,0.6,0.425
70,0.8,0.75,0.688,0.675,0.338
71,0.938,0.588,0.475,0.537,0.688
72,0.788,0.562,0.45,0.662,0.15
73,0.812,0.5,0.625,0.938,0.188
74,0.688,0.75,0.688,0.875,0.25
75,0.625,0.812,0.575,0.588,0.45
76,0.788,0.775,0.438,0.625,0.412
77,0.625,1.0,0.875,0.875,0.312
78,0.75,0.812,0.5,0.688,0.375
79,0.95,0.788,0.637,0.863,0.1
80,0.613,0.637,0.75,0.812,0.237
81,0.438,0.562,0.938,0.5,0.438
82,0.75,1.0,0.812,0.938,0.188
83,0.812,0.75,0.25,0.688,0.75
84,0.96,0.237,0.675,0.662,0.675
85,0.875,0.562,0.438,0.5,0.625
86,0.788,0.75,0.71,0.688,0.4
87,0.95,0.688,0.338,0.788,0.275
88,0.75,0.312,0.875,0.688,0.312
89,0.887,0.613,0.662,0.8,0.387
90,0.625,0.625,1.0,0.5,0.188
91,0.782,0.625,0.782,0.875,0.107
92,0.863,0.55,0.55,0.887,0.575
93,0.825,0.6,0.488,0.5,0.125
94,0.75,0.938,0.5,0.75,0.188
95,0.9,0.613,0.625,0.588,0.35
96,0.9,0.725,0.525,0.562,0.25
97,0.95,0.65,0.65,0.8,0.237
98,0.958,0.792,0.833,0.542,0.292
99,0.312,0.25,0.875,0.75,0.75
100,0.625,0.938,0.812,0.562,0.25
101,0.562,0.875,0.75,0.312,0.75
102,0.875,0.667,0.938,0.938,0.417
103,0.938,0.525,0.7,0.735,0.5
104,0.812,0.657,0.407,0.312,0.938
105,0.938,1.0,0.875,0.812,0.438
106,0.688,0.562,0.875,0.625,0.312
107,0.95,0.725,0.75,0.837,0.125
108,0.613,0.475,0.15,0.5,0.512
109,0.312,1.0,0.5,0.688,0.438
110,0.512,0.512,0.188,0.35,0.562
111,0.925,0.262,0.4,0.8,0.725
112,0.688,0.25,0.562,0.438,0.812
113,0.925,0.512,0.662,0.812,0.25
114,0.762,0.488,0.387,0.75,0.412
115,0.738,0.675,0.5,0.775,0.213
116,0.812,0.537,0.55,0.713,0.213
117,0.562,0.688,0.375,0.542,0.363
118,0.938,0.625,0.875,0.562,0.125
119,0.713,0.275,0.913,0.675,0.3
120,0.825,0.812,0.562,0.7,0.237
121,1.0,0.688,0.75,0.875,0.375
122,0.675,0.55,0.588,0.463,0.338
123,0.312,0.438,0.312,0.562,0.625
124,0.812,0.938,0.562,0.688,0.188
125,0.475,0.625,0.613,0.537,0.387
126,0.688,0.5,0.625,0.562,0.562
127,0.863,0.412,0.562,0.575,0.275
128,0.875,0.812,0.75,0.667,0.438
129,0.425,0.562,0.662,0.525,0.425
130,0.95,0.637,0.5,0.488,0.537
131,0.875,0.688,0.675,0.75,0.188
132,0.825,0.4,0.188,0.55,0.6
133,0.925,0.887,0.613,0.35,0.125
134,0.95,0.625,0.762,0.713,0.088
135,0.863,0.8,0.225,0.775,0.425
136,0.825,0.55,0.625,0.775,0.222
137,0.463,0.112,0.338,0.6,0.512
138,0.652,0.575,0.837,0.8,0.375
139,0.887,0.688,0.988,0.6,0.162
140,0.9,0.637,0.363,0.575,0.488
141,0.925,0.9,0.725,0.8,0.175
142,0.938,1.0,0.875,0.312,0.5
143,0.588,0.925,0.463,0.588,0.338
144,0.75,0.45,0.637,0.725,0.312
145,0.738,0.375,0.237,0.512,0.613
146,0.713,0.45,0.287,0.7,0.525
147,0.9,0.537,0.575,0.8,0.125
148,0.913,0.75,0.438,0.375,0.562
149,0.7,0.7,0.9,0.7,0.0
150,0.6,0.6,0.6,0.6,0.4
151,0.9,0.4,0.8,0.7,0.1
152,0.8,0.8,0.9,0.9,0.1
153,0.9,0.8,0.7,0.5,0.5
154,0.7,0.7,0.9,0.7,0.0
155,1.0,0.3,0.6,0.7,0.8
156,0.6,0.6,0.6,0.4,0.6
157,0.9,0.5,0.6,0.6,0.1
158,0.8,0.6,0.6,0.5,0.7
159,0.6,0.8,0.8,0.2,0.6
160,1.0,0.8,0.6,0.6,0.6
161,0.8,0.4,0.5,0.6,0.8
162,0.6,0.8,0.8,0.2,0.6
163,0.6,0.8,0.6,0.8,0.3
164,0.8,0.8,0.9,0.9,0.1
165,1.0,1.0,0.8,0.6,0.4
166,0.6,0.4,0.5,0.6,0.6
167,0.6,0.7,0.6,0.5,0.6
168,1.0,0.6,0.5,0.5,0.4
169,0.5,0.4,0.3,0.7,0.5
170,0.6,0.5,0.6,0.7,0.3
171,0.7,0.7,0.6,0.6,0.4
172,0.6,0.8,0.8,0.2,0.6
173,1.0,0.6,0.5,0.5,0.4
174,1.0,0.5,0.6,0.7,0.6
175,0.6,0.6,1.0,0.6,0.4
176,0.7,0.9,0.5,1.0,0.2
177,0.6,0.8,0.7,0.6,0.0
178,0.6,0.6,1.0,0.6,0.4
179,1.0,0.6,0.5,0.5,0.4
180,0.9,0.8,1.0,0.8,0.5
181,1.0,0.7,0.5,0.5,0.8
182,0.7,0.7,0.8,0.6,0.0
183,0.9,0.8,1.0,0.8,0.5
184,0.8,0.8,0.9,0.9,0.2
185,0.7,0.6,0.6,0.8,0.3
186,0.5,0.8,0.6,0.7,0.2
187,0.7,0.6,0.8,0.7,0.2
188,1.0,0.6,0.7,0.6,0.3
189,0.6,0.7,0.8,0.7,0.3
190,0.6,0.6,0.6,0.4,0.6
191,0.9,0.5,0.7,0.7,0.1
192,0.6,0.6,1.0,0.6,0.4
193,0.8,0.8,0.6,0.5,0.3
194,0.6,0.6,0.7,0.7,0.1
195,0.6,0.7,0.6,0.9,0.4
196,1.0,0.9,0.7,0.9,0.3
197,0.9,0.5,0.6,0.6,0.1
198,0.6,0.7,0.6,0.9,0.4
199,0.8,0.6,0.6,0.5,0.7
200,0.6,0.8,0.7,0.6,0.0
201,0.6,0.8,0.8,0.6,0.2
202,1.0,0.7,0.5,0.5,0.8
203,1.0,1.0,0.8,0.6,0.4
204,0.9,0.4,0.8,0.7,0.1
205,0.7,0.7,0.9,0.7,0.0
206,1.0,0.8,0.6,0.6,0.6
207,0.6,0.6,0.7,0.7,0.1
208,0.6,0.7,0.8,0.7,0.3
209,0.9,0.8,0.7,0.5,0.5
210,0.6,0.6,0.6,0.7,0.5
211,0.7,0.6,0.8,0.7,0.2
212,0.9,0.7,0.7,0.7,0.7
213,0.6,0.5,0.6,0.7,0.3
214,0.9,0.5,0.7,0.5,0.0
215,0.6,0.8,0.8,0.2,0.6
216,0.7,0.5,0.6,0.7,0.6
217,0.7,0.5,0.7,0.7,0.5
218,1.0,0.6,0.9,0.6,0.1
219,1.0,0.8,0.6,0.6,0.6
220,0.9,0.7,0.6,0.8,0.2
221,0.5,0.8,0.6,0.7,0.2
222,0.8,0.8,0.6,0.5,0.3
223,0.6,0.6,0.6,0.7,0.5
224,0.8,0.6,0.6,0.5,0.7
225,0.7,0.5,0.6,0.7,0.6
226,0.7,0.6,0.8,0.7,0.2
227,0.6,0.6,0.7,0.7,0.4
228,0.7,0.7,0.8,0.6,0.0
229,0.7,0.8,0.7,0.7,0.8
230,0.9,0.7,0.7,0.7,0.7
231,0.7,0.9,0.5,1.0,0.2
232,0.6,0.8,0.7,0.6,0.0
233,0.8,0.8,0.5,0.9,0.2
234,0.9,0.5,0.7,0.5,0.0
235,1.0,0.5,0.6,0.7,0.6
236,0.6,0.6,0.7,0.7,0.1
237,1.0,0.6,0.7,0.6,0.3
238,0.6,0.6,0.6,0.7,0.5
239,1.0,0.7,0.5,0.5,0.8
240,0.8,0.7,0.4,0.6,0.3
241,1.0,0.9,0.9,0.7,0.2
242,0.7,0.9,0.8,0.7,0.6
243,0.9,0.5,0.7,0.5,0.0
244,0.9,0.8,1.0,0.8,0.5
245,0.7,0.7,0.5,0.7,0.2
246,0.9,0.6,0.7,0.7,0.1
247,1.0,0.6,0.5,0.5,0.4
248,0.7,0.6,0.5,0.3,0.3
249,1.0,0.9,1.0,0.7,0.6
250,0.6,0.6,0.6,0.6,0.4
251,0.4,0.5,0.8,0.4,0.6
252,0.8,0.7,0.5,0.6,0.6
253,0.6,0.9,0.6,0.4,0.4
254,0.7,0.9,0.8,0.7,0.6
255,0.6,1.0,0.6,0.4,0.4
256,0.8,0.6,0.7,0.6,0.2
257,0.9,0.6,0.6,0.8,0.5
258,0.7,0.8,0.7,0.7,0.8
259,0.7,0.9,0.5,1.0,0.2
260,0.7,0.7,0.7,0.6,0.2
261,0.6,0.6,0.7,0.7,0.4
262,0.6,0.6,0.2,0.8,0.6
263,0.9,0.4,0.8,0.7,0.1
264,0.6,0.5,0.7,0.7,0.6
265,0.9,0.6,0.7,0.7,0.1
266,0.9,0.5,0.7,0.5,0.0
267,0.6,0.9,0.8,0.5,0.1
268,1.0,0.7,0.5,0.5,0.8
269,0.9,0.5,0.6,0.6,0.1
270,0.7,0.9,0.5,1.0,0.2
271,0.7,0.7,0.5,0.7,0.2
272,0.7,0.5,0.4,0.6,0.3
273,0.9,0.4,0.8,0.7,0.1
274,0.6,0.8,0.7,0.6,0.3
275,0.6,0.6,1.0,0.6,0.4
276,1.0,0.9,1.0,0.7,0.6
277,0.8,0.6,0.6,0.5,0.7
278,0.7,0.6,0.6,0.8,0.3
279,0.5,0.7,0.9,0.8,0.2
280,1.0,1.0,0.8,0.6,0.4
281,0.9,0.4,0.8,0.7,0.1
282,0.8,0.6,1.0,0.5,0.2
283,0.6,0.6,0.6,0.7,0.5
284,0.8,0.7,0.4,0.6,0.3
285,1.0,0.5,0.3,0.4,0.8
286,0.7,0.7,0.6,0.7,0.3
287,0.8,0.8,0.5,0.9,0.2
288,0.6,0.7,0.5,0.7,0.4
289,0.8,0.7,0.7,0.8,0.2
290,0.6,0.4,0.5,0.6,0.6
291,0.7,0.7,0.8,0.6,0.0
292,0.7,0.5,0.7,0.7,0.1
293,0.6,0.6,0.6,0.6,0.3
294,0.6,1.0,0.6,0.4,0.4
295,0.9,0.8,0.5,0.6,0.6
296,0.7,0.6,0.8,0.7,0.2
297,0.7,0.6,0.6,0.8,0.3
298,0.7,0.5,0.6,0.7,0.6
299,0.8,0.5,0.8,0.9,0.4
300,0.8,1.0,0.6,1.0,0.1
301,0.7,0.8,0.5,0.2,0.7
302,0.8,0.7,0.7,0.8,0.2
303,0.7,0.7,0.8,0.6,0.0
304,0.9,0.8,0.7,0.5,0.5
305,0.8,0.6,1.0,0.5,0.2
306,0.6,0.6,0.7,0.7,0.1
307,0.6,0.6,0.6,0.4,0.6
308,0.7,0.8,0.7,0.7,0.8
309,0.7,0.7,0.6,0.6,0.4
310,0.6,0.8,0.7,0.8,0.4
311,0.8,0.8,0.6,0.5,0.3
312,0.6,0.7,0.8,0.7,0.3
313,0.7,0.6,0.8,0.7,0.2
314,0.6,0.7,0.6,0.5,0.6
315,1.0,0.9,0.9,0.7,0.2
316,0.6,0.6,0.6,0.7,0.5
317,0.7,0.8,0.5,0.2,0.7
318,0.7,0.7,0.9,0.7,0.0
319,0.7,0.5,0.4,0.6,0.3
320,0.6,0.5,0.6,0.7,0.3
321,0.6,0.6,0.6,0.4,0.6
322,0.7,0.7,0.9,0.7,0.0
323,0.8,0.6,1.0,0.5,0.2
324,0.7,0.6,0.6,0.8,0.3
325,0.7,0.5,0.7,0.3,0.4
326,0.8,0.5,0.5,0.6,0.7
327,0.6,0.6,0.4,0.6,0.6
328,1.0,0.8,0.6,0.6,0.6
329,0.9,0.5,0.6,0.6,0.1
330,0.6,0.9,0.6,0.4,0.4
331,1.0,0.6,0.7,0.6,0.3
332,0.6,0.6,0.7,0.7,0.1
333,1.0,1.0,0.8,0.6,0.4
334,0.8,0.7,0.4,0.6,0.3
335,1.0,0.9,0.7,0.9,0.3
336,0.9,0.6,0.7,0.6,0.5
337,0.6,0.6,0.6,0.6,0.4
338,0.6,0.5,0.6,0.7,0.5
339,0.8,0.5,0.4,0.7,0.2
340,0.7,0.8,1.0,0.9,0.1
341,0.9,0.5,0.6,0.6,0.1
342,0.9,0.6,0.7,0.7,0.1
343,0.7,0.6,0.8,0.7,0.2
344,0.9,0.8,0.5,0.6,0.6
345,0.6,0.7,0.8,0.7,0.3
346,0.6,0.6,0.7,0.7,0.4
347,0.8,0.8,0.7,0.6,0.3
348,0.8,0.7,0.9,1.0,0.2
349,0.6,0.6,0.6,0.6,0.3
350,0.7,0.9,0.8,0.7,0.6
351,0.6,0.6,0.7,0.7,0.4
352,0.6,0.6,0.6,0.6,0.4
353,0.9,0.6,0.7,0.7,0.1
354,0.7,0.5,0.4,0.6,0.3
355,0.7,0.5,0.7,0.7,0.1
356,0.6,0.8,0.7,0.8,0.4
357,0.9,0.7,0.9,0.6,0.0
358,1.0,0.9,0.9,0.7,0.2
359,0.7,0.6,0.6,0.5,0.1
360,0.7,0.7,0.8,0.6,0.0
361,0.7,0.8,0.5,0.2,0.7
362,0.6,0.5,0.6,0.7,0.5
363,0.8,0.7,0.4,0.6,0.3
364,1.0,0.9,0.7,0.9,0.3
365,0.8,0.5,0.4,0.7,0.2
366,0.8,0.7,0.4,0.6,0.3
367,0.6,0.6,0.6,0.6,0.4
368,0.5,0.8,0.6,0.7,0.2
369,1.0,0.3,0.6,0.7,0.8
370,0.6,0.6,0.2,0.8,0.6
371,0.6,0.5,0.7,0.7,0.6
372,0.6,0.5,0.6,0.7,0.3
373,0.8,0.4,0.5,0.6,0.8
374,0.6,0.8,0.7,0.6,0.3
375,0.6,0.8,0.6,0.8,0.3
376,0.6,0.8,0.7,0.6,0.3
377,1.0,0.7,0.5,0.5,0.8
378,0.4,0.5,0.8,0.4,0.6
379,0.8,0.8,0.9,0.9,0.2
380,0.8,0.8,0.6,0.5,0.3
381,0.6,0.7,0.5,0.7,0.4
382,0.7,0.9,0.5,1.0,0.2
383,0.7,0.8,0.7,0.7,0.8
384,1.0,0.9,0.9,0.7,0.2
385,0.6,0.7,0.8,0.7,0.3
386,0.7,0.6,0.6,0.5,0.1
387,0.9,0.7,0.6,0.8,0.2
388,0.8,0.6,0.9,0.5,0.8
389,0.6,0.4,0.5,0.6,0.6
390,0.9,0.8,0.7,0.5,0.5
391,0.6,0.7,0.6,0.5,0.6
392,0.6,0.5,0.6,0.7,0.3
393,0.4,0.5,0.8,0.4,0.6
394,0.8,0.9,0.8,0.8,0.0
395,0.6,0.8,0.8,0.2,0.6
396,0.9,0.9,0.5,0.7,0.3
397,0.9,0.5,0.6,0.6,0.1
398,0.6,0.8,0.7,0.6,0.3
399,0.9,0.8,1.0,0.8,0.5
400,0.8,0.8,0.7,0.6,0.3
401,1.0,0.5,0.3,0.4,0.8
402,0.8,0.8,0.6,0.5,0.3
403,0.6,0.6,0.7,0.7,0.4
404,0.9,0.8,0.7,0.5,0.5
405,0.9,0.4,0.8,0.7,0.1
406,1.0,0.6,0.7,0.6,0.3
407,1.0,0.9,0.7,0.9,0.3
408,0.7,0.7,0.3,0.6,0.1
409,0.6,0.5,0.7,0.7,0.6
410,0.7,0.6,0.6,0.5,0.1
411,1.0,1.0,0.8,0.6,0.4
412,0.6,0.4,0.5,0.6,0.6
413,0.7,0.7,0.9,0.7,0.0
414,0.7,0.5,0.6,0.7,0.6
415,0.6,0.8,0.7,0.6,0.0
416,0.7,0.8,0.5,0.7,0.3
417,0.6,0.6,0.6,0.4,0.6
418,1.0,0.9,0.9,0.7,0.2
419,0.6,1.0,0.6,0.4,0.4
420,0.7,0.8,0.5,0.2,0.7
421,0.7,0.5,0.4,0.6,0.3
422,0.6,0.7,0.8,0.9,0.2
423,0.9,0.8,1.0,0.8,0.5
424,0.7,0.5,0.7,0.7,0.1
425,1.0,0.5,0.3,0.4,0.8
426,0.7,0.5,0.4,0.6,0.3
427,0.6,0.8,0.6,0.8,0.3
428,0.6,1.0,0.7,0.4,0.6
429,0.9,0.7,0.9,0.6,0.0
430,1.0,1.0,0.5,0.3,0.1
431,0.9,0.5,0.7,0.5,0.0
432,1.0,0.7,1.0,0.7,0.6
433,0.7,0.8,0.7,0.7,0.8
434,1.0,0.6,0.5,0.5,0.4
435,0.6,0.6,1.0,0.6,0.4
436,0.7,0.6,0.6,0.8,0.3
437,1.0,0.5,0.3,0.4,0.8
438,1.0,0.6,0.7,0.6,0.3
439,0.8,0.6,1.0,0.5,0.2
440,0.8,0.6,0.9,0.5,0.8
441,0.7,0.7,0.8,0.6,0.0
442,0.6,0.7,1.0,1.0,0.3
443,0.75,0.433,0.65,0.45,0.633
444,0.567,0.6,0.667,0.667,0.283
445,0.75,0.717,0.817,0.717,0.2
446,0.783,0.567,0.733,0.633,0.367
447,0.617,0.567,0.617,0.683,0.317
448,0.533,0.467,0.733,0.633,0.483
449,0.65,0.5,0.767,0.667,0.467
450,0.533,0.767,0.733,0.533,0.4
451,0.517,0.7,0.317,0.533,0.317
452,0.6,0.2,0.583,0.317,0.567
453,0.8,0.633,0.6,0.533,0.267
454,0.517,0.65,0.483,0.7,0.217
455,0.533,0.733,0.667,0.767,0.25
456,0.85,0.633,0.9,0.633,0.383
457,0.583,0.583,0.417,0.433,0.333
458,0.583,0.467,0.433,0.567,0.367
459,0.65,0.583,0.483,0.717,0.217
460,0.633,0.65,0.517,0.717,0.517
461,0.433,0.433,0.283,0.583,0.433
462,0.567,0.5,0.7,0.65,0.433
463,0.7,0.6,0.7,0.517,0.267
464,0.7,0.5,0.883,0.617,0.383
465,0.617,0.75,0.717,0.65,0.283
466,0.55,0.633,0.533,0.733,0.283
467,0.517,0.433,0.667,0.717,0.4
468,0.8,0.75,0.717,0.733,0.167
469,0.617,0.633,0.667,0.683,0.3
470,0.617,0.5,0.567,0.617,0.267
471,0.667,0.867,0.45,0.75,0.233
472,0.833,0.767,0.817,0.75,0.25
473,0.783,0.7,0.867,0.25,0.45
474,0.55,0.5,0.433,0.45,0.483
475,0.65,0.617,0.783,0.433,0.383
476,0.617,0.667,0.533,0.667,0.4
477,0.517,0.583,0.7,0.6,0.233
478,0.667,0.6,0.617,0.517,0.283
479,0.433,0.383,0.583,0.517,0.467
480,0.717,0.617,0.583,0.733,0.317
481,0.767,0.75,0.517,0.7,0.217
482,0.533,0.533,0.4,0.6,0.317
483,0.45,0.567,0.467,0.517,0.383
484,0.517,0.467,0.517,0.55,0.483
485,0.45,0.433,0.583,0.367,0.7
486,0.7,0.6,0.583,0.633,0.433
487,0.6,0.367,0.767,0.6,0.45
488,0.633,0.35,0.733,0.6,0.517
489,0.517,0.567,0.383,0.317,0.767
490,0.617,0.55,0.7,0.567,0.5
491,0.333,0.3,0.65,0.533,0.367
492,0.767,0.767,0.8,0.75,0.233
493,0.533,0.683,0.517,0.717,0.283
494,0.5,0.667,0.483,0.767,0.35
495,0.556,0.431,0.569,0.653,0.347
496,0.8,0.483,0.833,0.717,0.3
497,0.7,0.683,0.517,0.6,0.35
498,0.7,0.45,0.883,0.483,0.333
499,0.65,0.517,0.8,0.283,0.6
500,0.533,0.567,0.367,0.683,0.55
501,0.533,0.667,0.383,0.65,0.283
502,0.533,0.817,0.55,0.85,0.133
503,0.467,0.733,0.333,0.483,0.583
504,0.617,0.633,0.767,0.717,0.45
505,0.667,0.833,0.483,0.85,0.15
506,0.467,0.517,0.417,0.6,0.35
507,0.75,0.533,0.85,0.667,0.45
508,0.817,0.4,0.883,0.433,0.567
509,0.717,0.6,0.8,0.7,0.283
510,0.55,0.583,0.283,0.533,0.5
511,0.733,0.833,0.767,0.833,0.1
512,0.617,0.6,0.683,0.683,0.233
513,0.467,0.583,0.3,0.517,0.367
514,0.65,0.583,0.667,0.45,0.333
515,0.75,0.683,0.483,0.683,0.283
516,0.7,0.85,0.533,0.833,0.083
517,0.383,0.583,0.317,0.533,0.433
518,0.683,0.483,0.883,0.7,0.483
519,0.533,0.717,0.45,0.6,0.3
520,0.55,0.6,0.55,0.65,0.317
521,0.583,0.483,0.467,0.567,0.383
522,0.583,0.55,0.6,0.733,0.417
523,0.6,0.65,0.65,0.767,0.267
524,0.667,0.717,0.65,0.683,0.25
525,0.833,0.533,0.883,0.717,0.333
526,0.65,0.533,0.567,0.433,0.367
527,0.55,0.583,0.45,0.717,0.583
528,0.483,0.583,0.55,0.35,0.367
529,0.533,0.467,0.65,0.6,0.333
530,0.6,0.733,0.35,0.783,0.3
531,0.65,0.533,0.6,0.683,0.283
532,0.567,0.5,0.733,0.417,0.533
533,0.65,0.467,0.667,0.75,0.267
534,0.5,0.633,0.65,0.45,0.35
535,0.667,0.667,0.7,0.683,0.383
536,0.667,0.75,0.717,0.65,0.367
537,0.5,0.267,0.55,0.467,0.483
538,0.583,0.45,0.583,0.583,0.467
539,0.7,0.65,0.733,0.9,0.3
540,0.5,0.517,0.717,0.683,0.35
541,0.667,0.7,0.733,0.617,0.367
542,0.45,0.583,0.3,0.833,0.233
543,0.4,0.583,0.367,0.55,0.317
544,0.617,0.633,0.467,0.75,0.283
545,0.667,0.75,0.667,0.533,0.367
546,0.567,0.517,0.433,0.65,0.333
547,0.883,0.8,0.8,0.883,0.167
548,0.65,0.667,0.733,0.6,0.383
549,0.4,0.5,0.383,0.667,0.533
550,0.633,0.467,0.817,0.267,0.583
551,0.6,0.767,0.833,0.8,0.2
552,0.6,0.633,0.833,0.833,0.183
553,0.483,0.317,0.483,0.6,0.4
554,0.717,0.667,0.75,0.45,0.25
555,0.617,0.6,0.683,0.283,0.367
556,0.417,0.433,0.45,0.5,0.383
557,0.7,0.483,0.733,0.533,0.433
558,0.517,0.567,0.467,0.667,0.317
559,0.7,0.6,0.633,0.733,0.183
560,0.65,0.733,0.483,0.7,0.233
561,0.833,0.85,0.533,0.767,0.117
562,0.633,0.583,0.783,0.733,0.25
563,0.517,0.75,0.35,0.65,0.25
564,0.75,0.5,0.817,0.667,0.333
565,0.5,0.617,0.717,0.8,0.267
566,0.833,0.8,0.65,0.717,0.183
567,0.8,0.733,0.5,0.783,0.4
568,0.483,0.6,0.6,0.383,0.533
569,0.467,0.583,0.467,0.533,0.467
570,0.717,0.867,0.45,0.75,0.167
571,0.767,0.617,0.617,0.667,0.25
572,0.819,0.861,0.847,0.681,0.292
573,0.65,0.683,0.8,0.6,0.267
574,0.5,0.517,0.783,0.8,0.3
575,0.733,0.55,0.817,0.717,0.617
576,0.6,0.6,0.633,0.433,0.517
577,0.617,0.767,0.317,0.767,0.533
578,0.583,0.433,0.6,0.283,0.533
579,0.483,0.533,0.333,0.4,0.333
580,0.5,0.667,0.45,0.8,0.35
581,0.683,0.85,0.683,0.8,0.1
582,0.617,0.683,0.75,0.65,0.35
583,0.683,0.383,0.817,0.75,0.317
584,0.65,0.333,0.517,0.55,0.55
585,0.617,0.233,0.75,0.583,0.417
586,0.633,0.333,0.467,0.433,0.533
587,0.524,0.548,0.571,0.631,0.31
588,0.617,0.683,0.667,0.917,0.133
589,0.683,0.6,0.75,0.7,0.35
590,0.783,0.35,0.617,0.25,0.7
591,0.433,0.65,0.433,0.567,0.383
592,0.517,0.483,0.617,0.55,0.433
593,0.783,0.783,0.6,0.8,0.25
594,0.567,0.717,0.617,0.617,0.233
595,0.483,0.667,0.617,0.6,0.4
596,0.55,0.717,0.217,0.75,0.333
597,0.8,0.6,0.75,0.517,0.417
598,0.533,0.583,0.533,0.7,0.267
599,0.7,0.517,0.717,0.533,0.4
600,0.583,0.617,0.533,0.533,0.617
601,0.667,0.583,0.75,0.483,0.417
602,0.833,0.483,0.917,0.517,0.483
603,0.767,0.483,0.817,0.6,0.333
604,0.35,0.617,0.683,0.3,0.533
605,0.55,0.533,0.4,0.433,0.517
606,0.583,0.533,0.667,0.367,0.6
607,0.633,0.15,0.333,0.467,0.45
608,0.767,0.683,0.533,0.683,0.317
609,0.783,0.667,0.7,0.767,0.383
610,0.65,0.417,0.7,0.817,0.367
611,0.583,0.533,0.617,0.683,0.35
612,0.617,0.5,0.617,0.65,0.417
613,0.867,0.733,0.733,0.867,0.15
614,0.567,0.5,0.517,0.733,0.3
615,0.517,0.783,0.317,0.683,0.25
616,0.467,0.533,0.233,0.633,0.617
617,0.533,0.667,0.633,0.517,0.45
618,0.783,0.717,0.7,0.683,0.283
619,0.467,0.583,0.617,0.633,0.3
620,0.767,0.5,0.8,0.333,0.517
621,0.683,0.583,0.333,0.533,0.3
622,0.583,0.3,0.333,0.683,0.4
623,0.733,0.533,0.55,0.667,0.25
624,0.467,0.717,0.467,0.717,0.35
625,0.483,0.417,0.433,0.25,0.667
626,0.528,0.542,0.361,0.778,0.486
627,0.583,0.6,0.65,0.483,0.367
628,0.55,0.583,0.65,0.3,0.567
629,0.55,0.583,0.7,0.567,0.383
630,0.7,0.5,0.783,0.617,0.483
631,0.783,0.567,0.733,0.683,0.333
632,0.633,0.633,0.717,0.75,0.283
633,0.717,0.7,0.483,0.667,0.15
634,0.65,0.767,0.667,0.683,0.233
635,0.6,0.533,0.75,0.683,0.417
636,0.633,0.383,0.817,0.75,0.35
637,0.45,0.567,0.617,0.35,0.533
638,0.517,0.533,0.617,0.4,0.483
639,0.85,0.617,0.817,0.717,0.367
640,0.733,0.717,0.717,0.667,0.3
641,0.8,0.617,0.817,0.75,0.25
642,0.7,0.617,0.8,0.7,0.283
643,0.817,0.683,0.65,0.767,0.25
644,0.611,0.778,0.458,0.569,0.292
645,0.611,0.569,0.569,0.528,0.333
646,0.583,0.6,0.633,0.567,0.383
647,0.583,0.733,0.533,0.85,0.35
648,0.683,0.533,0.65,0.667,0.217
649,0.75,0.533,0.8,0.717,0.367
650,0.533,0.45,0.667,0.45,0.4
651,0.5,0.717,0.367,0.467,0.283
652,0.467,0.75,0.583,0.35,0.417
653,0.583,0.55,0.5,0.617,0.467
654,0.667,0.467,0.7,0.75,0.267
655,0.667,0.7,0.45,0.667,0.317
656,0.45,0.567,0.267,0.567,0.517
657,0.633,0.75,0.633,0.633,0.233
658,0.683,0.75,0.75,0.783,0.317
659,0.75,0.433,0.85,0.35,0.483
660,0.583,0.617,0.467,0.767,0.25
661,0.611,0.625,0.611,0.514,0.431
662,0.633,0.467,0.783,0.517,0.367
663,0.583,0.667,0.75,0.817,0.233
664,0.583,0.7,0.433,0.733,0.317
665,0.7,0.783,0.683,0.433,0.417
666,0.483,0.55,0.5,0.433,0.617
667,0.417,0.433,0.75,0.167,0.767
668,0.667,0.75,0.75,0.45,0.367
669,0.702,0.655,0.786,0.75,0.298
670,0.533,0.467,0.65,0.3,0.717
671,0.817,0.517,0.75,0.6,0.317
672,0.833,0.733,0.65,0.567,0.167
673,0.65,0.4,0.417,0.467,0.567
674,0.75,0.667,0.733,0.717,0.217
675,0.7,0.65,0.767,0.55,0.417
676,0.433,0.5,0.367,0.683,0.333
677,0.617,0.683,0.583,0.683,0.333
678,0.767,0.7,0.8,0.65,0.2
679,0.283,0.217,0.317,0.25,0.8
680,0.597,0.569,0.514,0.778,0.486
681,0.75,0.733,0.617,0.633,0.383
682,0.65,0.85,0.583,0.883,0.1
683,0.833,0.517,0.933,0.85,0.317
684,0.6,0.65,0.55,0.7,0.267
685,0.583,0.567,0.717,0.467,0.467
686,0.7,0.65,0.717,0.517,0.417
687,0.617,0.483,0.833,0.5,0.517
688,0.667,0.833,0.6,0.767,0.15
689,0.569,0.542,0.486,0.597,0.319
690,0.6,0.583,0.783,0.65,0.35
691,0.7,0.233,0.933,0.433,0.6
692,0.633,0.683,0.567,0.783,0.3
693,0.733,0.617,0.733,0.733,0.35
694,0.467,0.783,0.5,0.517,0.3
695,0.5,0.617,0.433,0.75,0.267
696,0.667,0.524,0.762,0.667,0.381
697,0.65,0.517,0.75,0.667,0.283
698,0.6,0.617,0.767,0.667,0.367
699,0.433,0.5,0.483,0.55,0.417
700,0.6,0.433,0.633,0.35,0.517
701,0.667,0.567,0.933,0.733,0.367
702,0.5,0.317,0.167,0.567,0.467
703,0.683,0.75,0.45,0.667,0.267
704,0.65,0.617,0.517,0.733,0.5
705,0.667,0.683,0.5,0.617,0.317
706,0.65,0.6,0.583,0.633,0.367
707,0.6,0.583,0.683,0.583,0.35
708,0.7,0.55,0.867,0.75,0.433
709,0.833,0.45,0.75,0.65,0.367
710,0.383,0.3,0.467,0.6,0.467
711,0.55,0.6,0.767,0.55,0.417
712,0.683,0.633,0.533,0.667,0.233
713,0.483,0.433,0.467,0.267,0.65
714,0.736,0.778,0.472,0.847,0.167
715,0.617,0.55,0.717,0.85,0.267
716,0.4,0.567,0.733,0.167,0.6
717,0.55,0.533,0.7,0.533,0.417
718,0.517,0.4,0.667,0.567,0.383
719,0.583,0.633,0.467,0.683,0.317
720,0.45,0.483,0.633,0.583,0.267
721,0.567,0.733,0.633,0.617,0.25
722,0.717,0.667,0.65,0.7,0.267
723,0.483,0.317,0.9,0.55,0.4
724,0.6,0.8,0.517,0.583,0.367
725,0.467,0.483,0.583,0.633,0.417
726,0.633,0.65,0.683,0.717,0.45
727,0.55,0.733,0.283,0.783,0.15
728,0.7,0.45,0.733,0.55,0.4
729,0.417,0.417,0.517,0.333,0.617
730,0.75,0.65,0.883,0.683,0.383
731,0.467,0.617,0.583,0.583,0.317
732,0.667,0.633,0.75,0.667,0.25
733,0.514,0.625,0.5,0.431,0.417
734,0.583,0.633,0.467,0.683,0.367
735,0.575,0.448,0.46,0.532,0.718
736,0.833,0.55,0.9,0.7,0.383
737,0.667,0.5,0.8,0.7,0.317
738,0.8,0.6,0.867,0.6,0.433
739,0.6,0.617,0.583,0.467,0.55
740,0.417,0.75,0.417,0.65,0.567
741,0.867,0.467,0.633,0.567,0.383
742,0.45,0.617,0.567,0.8,0.217
743,0.45,0.333,0.667,0.483,0.567
744,0.708,0.708,0.75,0.694,0.278
745,0.633,0.55,0.433,0.633,0.383
746,0.6,0.633,0.6,0.7,0.35
747,0.65,0.867,0.667,0.817,0.25
748,0.783,0.55,0.85,0.9,0.15
749,0.5,0.667,0.433,0.683,0.467
750,0.683,0.533,0.467,0.45,0.317
751,0.55,0.533,0.617,0.6,0.317
752,0.55,0.533,0.55,0.4,0.4
753,0.567,0.583,0.45,0.6,0.383
754,0.583,0.517,0.683,0.717,0.367
755,0.683,0.633,0.6,0.583,0.35
756,0.567,0.583,0.55,0.483,0.333
757,0.333,0.617,0.317,0.383,0.367
758,0.633,0.6,0.5,0.733,0.233
759,0.733,0.683,0.6,0.683,0.333
760,0.45,0.567,0.183,0.55,0.583
761,0.417,0.433,0.733,0.683,0.233
762,0.783,0.8,0.8,0.55,0.217
763,0.55,0.6,0.8,0.683,0.35
764,0.45,0.367,0.467,0.6,0.383
765,0.611,0.75,0.319,0.75,0.472
766,0.883,0.317,0.667,0.733,0.517
767,0.75,0.483,0.867,0.65,0.5
768,0.767,0.55,0.733,0.617,0.283
769,0.683,0.633,0.6,0.65,0.533
770,0.583,0.633,0.8,0.3,0.633
771,0.433,0.617,0.533,0.7,0.367
772,0.667,0.867,0.667,0.667,0.217
773,0.617,0.8,0.35,0.617,0.267
774,0.533,0.6,0.483,0.75,0.3
775,0.583,0.717,0.483,0.7,0.4
776,0.569,0.681,0.639,0.708,0.306
777,0.467,0.7,0.283,0.6,0.333
778,0.367,0.4,0.4,0.45,0.6
779,0.3,0.383,0.65,0.417,0.533
780,0.5,0.633,0.467,0.65,0.35
781,0.767,0.617,0.917,0.317,0.683
782,0.683,0.6,0.567,0.683,0.367
783,0.517,0.667,0.45,0.717,0.2
784,0.633,0.567,0.617,0.8,0.383
785,0.583,0.467,0.45,0.65,0.433
786,0.483,0.533,0.367,0.683,0.45
787,0.6,0.633,0.35,0.667,0.433
788,0.733,0.683,0.767,0.383,0.417
789,0.417,0.567,0.55,0.267,0.517
790,0.717,0.633,0.633,0.65,0.25
791,0.567,0.7,0.65,0.667,0.35
792,0.783,0.667,0.767,0.817,0.183
793,0.517,0.683,0.633,0.8,0.183
